{"stats":{"minecraft:custom":{"minecraft:time_since_rest":82078,"minecraft:walk_one_cm":222295,"minecraft:leave_game":1,"minecraft:damage_taken":80,"minecraft:play_time":82078,"minecraft:jump":434,"minecraft:time_since_death":82078,"minecraft:sprint_one_cm":28243,"minecraft:fall_one_cm":675,"minecraft:total_world_time":82078,"minecraft:fly_one_cm":1461112,"minecraft:crouch_one_cm":669,"minecraft:sneak_time":1937},"minecraft:used":{"minecraft:polished_andesite":27,"minecraft:lodestone":2,"minecraft:polished_andesite_stairs":38,"minecraft:chiseled_stone_bricks":6}},"DataVersion":4556}