{"stats":{"minecraft:custom":{"minecraft:time_since_rest":33908,"minecraft:walk_one_cm":10459,"minecraft:leave_game":2,"minecraft:damage_taken":70,"minecraft:play_time":33908,"minecraft:jump":170,"minecraft:time_since_death":33908,"minecraft:sprint_one_cm":13686,"minecraft:fall_one_cm":1000,"minecraft:total_world_time":33908,"minecraft:fly_one_cm":279489,"minecraft:crouch_one_cm":653,"minecraft:sneak_time":812},"minecraft:used":{"minecraft:smooth_quartz":626,"minecraft:glowstone":9,"minecraft:red_concrete":61,"minecraft:red_stained_glass":1}},"DataVersion":4556}