{"stats":{"minecraft:dropped":{"minecraft:diamond_chestplate":1},"minecraft:custom":{"minecraft:time_since_rest":122967,"minecraft:walk_one_cm":38071,"minecraft:leave_game":2,"minecraft:play_time":122967,"minecraft:jump":386,"minecraft:time_since_death":122967,"minecraft:drop":1,"minecraft:sprint_one_cm":38602,"minecraft:total_world_time":122967,"minecraft:fly_one_cm":579653,"minecraft:interact_with_anvil":1,"minecraft:crouch_one_cm":997,"minecraft:sneak_time":1824},"minecraft:used":{"minecraft:polished_andesite":3,"minecraft:polished_deepslate_wall":5,"minecraft:smooth_quartz":441,"minecraft:oak_sign":13,"minecraft:glass":11,"minecraft:stripped_birch_log":5,"minecraft:anvil":1,"minecraft:glowstone":2,"minecraft:polished_andesite_stairs":31,"minecraft:light_gray_stained_glass":9,"minecraft:white_stained_glass":1,"minecraft:bedrock":2},"minecraft:picked_up":{"minecraft:diamond_chestplate":1}},"DataVersion":4556}