{"minecraft:recipes/building_blocks/smooth_quartz_slab_from_smooth_quartz_stonecutting":{"criteria":{"has_smooth_quartz":"2025-12-04 20:29:44 +0100"},"done":true},"minecraft:recipes/building_blocks/deepslate_tile_stairs_from_deepslate_tiles_stonecutting":{"criteria":{"has_deepslate_tiles":"2025-12-04 20:35:06 +0100"},"done":true},"minecraft:recipes/building_blocks/smooth_quartz_slab":{"criteria":{"has_smooth_quartz":"2025-12-04 20:29:44 +0100"},"done":true},"minecraft:recipes/decorations/deepslate_tile_wall_from_deepslate_tiles_stonecutting":{"criteria":{"has_deepslate_tiles":"2025-12-04 20:35:06 +0100"},"done":true},"minecraft:recipes/building_blocks/stone_brick_stairs":{"criteria":{"has_stone_bricks":"2025-12-04 20:38:40 +0100"},"done":true},"minecraft:recipes/building_blocks/chiseled_stone_bricks":{"criteria":{"has_tag":"2025-12-04 20:38:40 +0100"},"done":true},"minecraft:recipes/decorations/crafting_table":{"criteria":{"unlock_right_away":"2025-12-04 20:28:08 +0100"},"done":true},"minecraft:recipes/decorations/chest":{"criteria":{"has_lots_of_items":"2025-12-04 20:41:43 +0100"},"done":true},"minecraft:recipes/decorations/mossy_stone_brick_wall":{"criteria":{"has_mossy_stone_bricks":"2025-12-04 20:38:40 +0100"},"done":true},"minecraft:recipes/decorations/deepslate_tile_wall":{"criteria":{"has_deepslate_tiles":"2025-12-04 20:35:06 +0100"},"done":true},"minecraft:recipes/building_blocks/mossy_stone_brick_slab":{"criteria":{"has_mossy_stone_bricks":"2025-12-04 20:38:40 +0100"},"done":true},"minecraft:recipes/building_blocks/polished_andesite_stairs_from_polished_andesite_stonecutting":{"criteria":{"has_polished_andesite":"2025-12-04 20:38:32 +0100"},"done":true},"minecraft:recipes/decorations/lodestone":{"criteria":{"has_lodestone":"2025-12-04 20:38:35 +0100"},"done":true},"minecraft:recipes/building_blocks/smooth_quartz_stairs_from_smooth_quartz_stonecutting":{"criteria":{"has_smooth_quartz":"2025-12-04 20:29:44 +0100"},"done":true},"minecraft:recipes/building_blocks/cracked_deepslate_tiles":{"criteria":{"has_deepslate_tiles":"2025-12-04 20:35:06 +0100"},"done":true},"minecraft:recipes/building_blocks/smooth_basalt":{"criteria":{"has_basalt":"2025-12-04 21:01:09 +0100"},"done":true},"minecraft:recipes/building_blocks/deepslate_tile_slab_from_deepslate_tiles_stonecutting":{"criteria":{"has_deepslate_tiles":"2025-12-04 20:35:06 +0100"},"done":true},"minecraft:recipes/building_blocks/deepslate_tile_stairs":{"criteria":{"has_deepslate_tiles":"2025-12-04 20:35:06 +0100"},"done":true},"minecraft:recipes/building_blocks/polished_andesite_stairs":{"criteria":{"has_polished_andesite":"2025-12-04 20:38:32 +0100"},"done":true},"minecraft:recipes/misc/charcoal":{"criteria":{"has_log":"2025-12-04 21:01:01 +0100"},"done":true},"minecraft:recipes/building_blocks/mossy_stone_brick_stairs":{"criteria":{"has_mossy_stone_bricks":"2025-12-04 20:38:40 +0100"},"done":true},"minecraft:recipes/building_blocks/stone_brick_slab":{"criteria":{"has_stone_bricks":"2025-12-04 20:38:40 +0100"},"done":true},"minecraft:recipes/building_blocks/polished_andesite_slab":{"criteria":{"has_polished_andesite":"2025-12-04 20:38:32 +0100"},"done":true},"minecraft:recipes/building_blocks/polished_basalt_from_basalt_stonecutting":{"criteria":{"has_basalt":"2025-12-04 21:01:09 +0100"},"done":true},"minecraft:recipes/building_blocks/deepslate_tile_slab":{"criteria":{"has_deepslate_tiles":"2025-12-04 20:35:06 +0100"},"done":true},"minecraft:adventure/adventuring_time":{"criteria":{"minecraft:plains":"2025-12-04 20:28:09 +0100"},"done":false},"minecraft:recipes/building_blocks/polished_andesite_slab_from_polished_andesite_stonecutting":{"criteria":{"has_polished_andesite":"2025-12-04 20:38:32 +0100"},"done":true},"minecraft:recipes/building_blocks/mossy_stone_brick_stairs_from_mossy_stone_brick_stonecutting":{"criteria":{"has_mossy_stone_bricks":"2025-12-04 20:38:40 +0100"},"done":true},"minecraft:recipes/decorations/mossy_stone_brick_wall_from_mossy_stone_brick_stonecutting":{"criteria":{"has_mossy_stone_bricks":"2025-12-04 20:38:40 +0100"},"done":true},"minecraft:recipes/building_blocks/waxed_oxidized_copper_bulb_from_honeycomb":{"criteria":{"has_oxidized_copper_bulb":"2025-12-04 21:05:20 +0100"},"done":true},"minecraft:recipes/building_blocks/polished_basalt":{"criteria":{"has_basalt":"2025-12-04 21:01:09 +0100"},"done":true},"minecraft:recipes/building_blocks/smooth_quartz_stairs":{"criteria":{"has_smooth_quartz":"2025-12-04 20:29:44 +0100"},"done":true},"minecraft:recipes/building_blocks/acacia_planks":{"criteria":{"has_log":"2025-12-04 21:01:01 +0100"},"done":true},"minecraft:recipes/building_blocks/mossy_stone_brick_slab_from_mossy_stone_brick_stonecutting":{"criteria":{"has_mossy_stone_bricks":"2025-12-04 20:38:40 +0100"},"done":true},"minecraft:recipes/decorations/light_gray_stained_glass_pane":{"criteria":{"has_glass":"2025-12-04 20:40:54 +0100"},"done":true},"DataVersion":4556}