{"minecraft:recipes/decorations/crafting_table":{"criteria":{"unlock_right_away":"2025-12-04 20:02:21 +0100"},"done":true},"minecraft:adventure/adventuring_time":{"criteria":{"minecraft:plains":"2025-12-04 20:02:22 +0100"},"done":false},"minecraft:recipes/building_blocks/smooth_quartz_slab_from_smooth_quartz_stonecutting":{"criteria":{"has_smooth_quartz":"2025-12-04 20:04:17 +0100"},"done":true},"minecraft:recipes/building_blocks/smooth_quartz_slab":{"criteria":{"has_smooth_quartz":"2025-12-04 20:04:17 +0100"},"done":true},"minecraft:recipes/building_blocks/smooth_quartz_stairs_from_smooth_quartz_stonecutting":{"criteria":{"has_smooth_quartz":"2025-12-04 20:04:17 +0100"},"done":true},"minecraft:recipes/building_blocks/smooth_quartz_stairs":{"criteria":{"has_smooth_quartz":"2025-12-04 20:04:17 +0100"},"done":true},"minecraft:recipes/decorations/red_stained_glass_pane":{"criteria":{"has_glass":"2025-12-04 20:23:14 +0100"},"done":true},"minecraft:recipes/redstone/redstone_lamp":{"criteria":{"has_glowstone":"2025-12-04 20:19:57 +0100"},"done":true},"DataVersion":4556}