{"minecraft:recipes/decorations/crafting_table":{"criteria":{"unlock_right_away":"2025-12-04 19:56:54 +0100"},"done":true},"minecraft:adventure/adventuring_time":{"criteria":{"minecraft:plains":"2025-12-04 19:56:55 +0100"},"done":false},"minecraft:recipes/building_blocks/quartz_slab":{"criteria":{"has_quartz_block":"2025-12-04 19:57:26 +0100"},"done":true},"minecraft:recipes/building_blocks/quartz_bricks":{"criteria":{"has_quartz_block":"2025-12-04 19:57:26 +0100"},"done":true},"minecraft:recipes/building_blocks/quartz_pillar_from_quartz_block_stonecutting":{"criteria":{"has_quartz_block":"2025-12-04 19:57:26 +0100"},"done":true},"minecraft:recipes/building_blocks/quartz_pillar":{"criteria":{"has_quartz_block":"2025-12-04 19:57:26 +0100"},"done":true},"minecraft:recipes/building_blocks/quartz_stairs_from_quartz_block_stonecutting":{"criteria":{"has_quartz_block":"2025-12-04 19:57:26 +0100"},"done":true},"minecraft:recipes/building_blocks/quartz_stairs":{"criteria":{"has_quartz_block":"2025-12-04 19:57:26 +0100"},"done":true},"minecraft:recipes/building_blocks/smooth_quartz":{"criteria":{"has_quartz_block":"2025-12-04 19:57:26 +0100"},"done":true},"minecraft:recipes/building_blocks/chiseled_quartz_block":{"criteria":{"has_quartz_block":"2025-12-04 19:57:26 +0100"},"done":true},"minecraft:recipes/building_blocks/quartz_bricks_from_quartz_block_stonecutting":{"criteria":{"has_quartz_block":"2025-12-04 19:57:26 +0100"},"done":true},"minecraft:recipes/building_blocks/chiseled_quartz_block_from_quartz_block_stonecutting":{"criteria":{"has_quartz_block":"2025-12-04 19:57:26 +0100"},"done":true},"minecraft:recipes/building_blocks/quartz_slab_from_stonecutting":{"criteria":{"has_quartz_block":"2025-12-04 19:57:26 +0100"},"done":true},"minecraft:recipes/building_blocks/smooth_quartz_slab_from_smooth_quartz_stonecutting":{"criteria":{"has_smooth_quartz":"2025-12-04 19:57:27 +0100"},"done":true},"minecraft:recipes/building_blocks/smooth_quartz_slab":{"criteria":{"has_smooth_quartz":"2025-12-04 19:57:27 +0100"},"done":true},"minecraft:recipes/building_blocks/smooth_quartz_stairs_from_smooth_quartz_stonecutting":{"criteria":{"has_smooth_quartz":"2025-12-04 19:57:27 +0100"},"done":true},"minecraft:recipes/building_blocks/smooth_quartz_stairs":{"criteria":{"has_smooth_quartz":"2025-12-04 19:57:27 +0100"},"done":true},"minecraft:recipes/redstone/redstone_lamp":{"criteria":{"has_glowstone":"2025-12-04 20:00:44 +0100"},"done":true},"minecraft:end/enter_end_gateway":{"criteria":{"entered_end_gateway":"2025-12-04 20:01:40 +0100"},"done":true},"minecraft:recipes/redstone/birch_button":{"criteria":{"has_planks":"2025-12-04 20:07:53 +0100"},"done":true},"minecraft:recipes/redstone/birch_door":{"criteria":{"has_planks":"2025-12-04 20:07:53 +0100"},"done":true},"minecraft:recipes/decorations/birch_fence":{"criteria":{"has_planks":"2025-12-04 20:07:53 +0100"},"done":true},"minecraft:recipes/misc/stick":{"criteria":{"has_planks":"2025-12-04 20:07:53 +0100"},"done":true},"minecraft:recipes/decorations/birch_sign":{"criteria":{"has_planks":"2025-12-04 20:07:53 +0100"},"done":true},"minecraft:recipes/redstone/birch_fence_gate":{"criteria":{"has_planks":"2025-12-04 20:07:53 +0100"},"done":true},"minecraft:recipes/building_blocks/birch_slab":{"criteria":{"has_planks":"2025-12-04 20:07:53 +0100"},"done":true},"minecraft:recipes/building_blocks/birch_stairs":{"criteria":{"has_planks":"2025-12-04 20:07:53 +0100"},"done":true},"minecraft:recipes/redstone/birch_trapdoor":{"criteria":{"has_planks":"2025-12-04 20:07:53 +0100"},"done":true},"minecraft:recipes/decorations/barrel":{"criteria":{"has_planks":"2025-12-04 20:07:53 +0100"},"done":true},"minecraft:recipes/redstone/birch_pressure_plate":{"criteria":{"has_planks":"2025-12-04 20:07:53 +0100"},"done":true},"minecraft:recipes/building_blocks/stripped_birch_wood":{"criteria":{"has_log":"2025-12-04 20:07:55 +0100"},"done":true},"minecraft:recipes/decorations/birch_hanging_sign":{"criteria":{"has_stripped_logs":"2025-12-04 20:07:55 +0100"},"done":true},"minecraft:recipes/decorations/birch_shelf":{"criteria":{"has_stripped_birch_log":"2025-12-04 20:07:55 +0100"},"done":true},"minecraft:recipes/building_blocks/birch_planks":{"criteria":{"has_logs":"2025-12-04 20:07:55 +0100"},"done":true},"minecraft:recipes/misc/charcoal":{"criteria":{"has_log":"2025-12-04 20:07:55 +0100"},"done":true},"minecraft:recipes/building_blocks/light_blue_stained_glass":{"criteria":{"has_glass":"2025-12-04 20:11:07 +0100"},"done":true},"minecraft:recipes/building_blocks/green_stained_glass":{"criteria":{"has_glass":"2025-12-04 20:11:07 +0100"},"done":true},"minecraft:recipes/building_blocks/brown_stained_glass":{"criteria":{"has_glass":"2025-12-04 20:11:07 +0100"},"done":true},"minecraft:recipes/building_blocks/blue_stained_glass":{"criteria":{"has_glass":"2025-12-04 20:11:07 +0100"},"done":true},"minecraft:recipes/building_blocks/orange_stained_glass":{"criteria":{"has_glass":"2025-12-04 20:11:07 +0100"},"done":true},"minecraft:recipes/building_blocks/pink_stained_glass":{"criteria":{"has_glass":"2025-12-04 20:11:07 +0100"},"done":true},"minecraft:recipes/building_blocks/black_stained_glass":{"criteria":{"has_glass":"2025-12-04 20:11:07 +0100"},"done":true},"minecraft:recipes/building_blocks/gray_stained_glass":{"criteria":{"has_glass":"2025-12-04 20:11:07 +0100"},"done":true},"minecraft:recipes/building_blocks/lime_stained_glass":{"criteria":{"has_glass":"2025-12-04 20:11:07 +0100"},"done":true},"minecraft:recipes/decorations/glass_pane":{"criteria":{"has_glass":"2025-12-04 20:11:07 +0100"},"done":true},"minecraft:recipes/building_blocks/magenta_stained_glass":{"criteria":{"has_glass":"2025-12-04 20:11:07 +0100"},"done":true},"minecraft:recipes/building_blocks/white_stained_glass":{"criteria":{"has_glass":"2025-12-04 20:11:07 +0100"},"done":true},"minecraft:recipes/building_blocks/red_stained_glass":{"criteria":{"has_glass":"2025-12-04 20:11:07 +0100"},"done":true},"minecraft:recipes/brewing/glass_bottle":{"criteria":{"has_glass":"2025-12-04 20:11:07 +0100"},"done":true},"minecraft:recipes/building_blocks/light_gray_stained_glass":{"criteria":{"has_glass":"2025-12-04 20:11:07 +0100"},"done":true},"minecraft:recipes/building_blocks/cyan_stained_glass":{"criteria":{"has_glass":"2025-12-04 20:11:07 +0100"},"done":true},"minecraft:recipes/building_blocks/purple_stained_glass":{"criteria":{"has_glass":"2025-12-04 20:11:07 +0100"},"done":true},"minecraft:recipes/building_blocks/yellow_stained_glass":{"criteria":{"has_glass":"2025-12-04 20:11:07 +0100"},"done":true},"minecraft:story/shiny_gear":{"criteria":{"diamond_chestplate":"2025-12-04 20:42:31 +0100"},"done":true},"minecraft:recipes/decorations/chest":{"criteria":{"has_lots_of_items":"2025-12-04 20:43:23 +0100"},"done":true},"minecraft:recipes/building_blocks/polished_andesite_stairs_from_polished_andesite_stonecutting":{"criteria":{"has_polished_andesite":"2025-12-04 20:49:03 +0100"},"done":true},"minecraft:recipes/building_blocks/polished_andesite_stairs":{"criteria":{"has_polished_andesite":"2025-12-04 20:49:03 +0100"},"done":true},"minecraft:recipes/building_blocks/polished_andesite_slab":{"criteria":{"has_polished_andesite":"2025-12-04 20:49:03 +0100"},"done":true},"minecraft:recipes/building_blocks/polished_andesite_slab_from_polished_andesite_stonecutting":{"criteria":{"has_polished_andesite":"2025-12-04 20:49:03 +0100"},"done":true},"minecraft:recipes/decorations/white_stained_glass_pane":{"criteria":{"has_glass":"2025-12-04 21:08:31 +0100"},"done":true},"minecraft:recipes/decorations/light_gray_stained_glass_pane":{"criteria":{"has_glass":"2025-12-04 21:08:34 +0100"},"done":true},"DataVersion":4556}